{"cameraMode":{"drawMode":0,"name":"Shaded","section":"Shading Mode"},"sceneLighting":true,"audioPlay":false,"sceneViewState":{"m_AlwaysRefresh":false,"showFog":true,"showSkybox":true,"showFlares":true,"showImageEffects":true,"showParticleSystems":true,"showVisualEffectGraphs":true,"m_FxEnabled":true},"in2DMode":false,"pivot":{"x":1.7218799591064454,"y":-0.14473915100097657,"z":-0.4859752655029297},"rotation":{"x":-0.0516228973865509,"y":0.9154348969459534,"z":-0.12462868541479111,"w":-0.3791855573654175},"size":11.11771297454834,"orthographic":false}